City,Lat,Lng,Max Temp,Humidity,Cloudiness,Wind Speed,Country,Date
Lithakia,37.7167,20.8333,58.42,100,90,17.27,GR,1637910718
Punta Alta,-38.8759,-62.0736,61.83,85,2,9.75,AR,1637910719
Chokurdakh,70.6333,147.9167,-30.06,100,47,3.38,RU,1637910719
Ushuaia,-54.8,-68.3,38.86,75,20,8.05,AR,1637910488
Port Elizabeth,-33.918,25.5701,68.09,71,55,27.29,ZA,1637910567
Castro,-24.7911,-50.0119,63.91,95,100,5.68,BR,1637910721
Olafsvik,64.8945,-23.7142,31.59,59,50,6.22,IS,1637910722
Beloha,-25.1667,45.05,76.8,37,0,12.06,MG,1637910722
Samarai,-10.6167,150.6667,84.38,73,57,11.92,PG,1637910723
Upernavik,72.7868,-56.1549,23.54,71,100,11.25,GL,1637910723
Beringovskiy,63.05,179.3167,-0.33,95,100,12.24,RU,1637910723
Rikitea,-23.1203,-134.9692,76.14,76,99,10.2,PF,1637910507
Bengkulu,-3.8004,102.2655,85.98,67,25,13.18,ID,1637910650
Hobart,-42.8794,147.3294,57.27,65,20,1.01,AU,1637910724
Avarua,-21.2078,-159.775,78.85,89,15,5.75,CK,1637910725
Hithadhoo,-0.6,73.0833,81.32,70,98,13.35,MV,1637910725
Kedrovyy,56.1667,91.8167,14.41,91,100,10.16,RU,1637910725
Singkang,2.1006,102.7994,84.87,70,100,4.92,MY,1637910726
Cape Town,-33.9258,18.4232,75.61,57,0,9.22,ZA,1637910726
Kailua,21.4022,-157.7394,77.02,72,75,9.22,US,1637910727
Guerrero Negro,27.9769,-114.0611,63.59,55,1,3.44,MX,1637910727
Vanimo,-2.6741,141.3028,83.34,76,75,2.82,PG,1637910728
Mataura,-46.1927,168.8643,48.07,97,100,3.02,NZ,1637910728
Qaanaaq,77.484,-69.3632,5.18,86,100,5.17,GL,1637910728
Araouane,18.9048,-3.5265,73.94,36,90,7.0,ML,1637910729
Butaritari,3.0707,172.7902,82.31,78,79,16.13,KI,1637910729
Narsaq,60.9167,-46.05,37.62,99,100,5.7,GL,1637910730
Guaratinga,-16.5667,-39.5667,66.87,97,97,2.73,BR,1637910730
Busselton,-33.65,115.3333,90.09,42,0,12.73,AU,1637910730
Tuyen Quang,21.8233,105.2181,77.07,51,84,1.5,VN,1637910731
Punta Arenas,-53.15,-70.9167,39.31,75,40,12.66,CL,1637910554
Nikolskoye,59.7035,30.7861,36.88,96,100,12.12,RU,1637910731
Thompson,55.7435,-97.8558,11.28,94,100,8.32,CA,1637910732
Iquique,-20.2208,-70.1431,64.44,66,98,1.3,CL,1637910732
Bluff,-46.6,168.3333,47.62,89,100,15.95,NZ,1637910733
Visnes,59.3556,5.2242,39.22,70,20,18.41,NO,1637910733
Saint George,37.1041,-113.5841,48.34,36,1,0.0,US,1637910733
Yellowknife,62.456,-114.3525,12.42,97,99,13.0,CA,1637910734
Walvis Bay,-22.9575,14.5053,62.1,75,99,6.73,NA,1637910734
Provideniya,64.3833,-173.3,-3.19,81,16,6.91,RU,1637910735
Inuvik,68.3499,-133.7218,-2.54,96,100,13.47,CA,1637910735
Ulaanbaatar,47.9077,106.8832,28.53,50,0,2.24,MN,1637910735
Buchanan,5.8808,-10.0467,78.39,85,21,1.92,LR,1637910736
Cockburn Town,21.4612,-71.1419,77.68,68,13,13.44,TC,1637910712
Saint-Augustin,51.226,-58.6502,43.83,97,100,16.96,CA,1637910736
Lagoa,39.05,-27.9833,61.7,65,100,28.1,PT,1637910737
Barrow,71.2906,-156.7887,-7.58,71,90,11.5,US,1637910737
Albany,42.6001,-73.9662,40.98,91,100,1.07,US,1637910738
Aranda de Duero,41.6704,-3.6892,38.26,83,100,11.23,ES,1637910562
Sinnamary,5.3833,-52.95,77.56,88,88,6.8,GF,1637910738
Dikson,73.5069,80.5464,-11.69,100,94,3.94,RU,1637910739
Inírida,3.8653,-67.9239,70.99,99,89,1.81,CO,1637910740
Pevek,69.7008,170.3133,-20.61,100,100,5.03,RU,1637910741
Sept-Îles,50.2001,-66.3821,36.12,96,90,3.44,CA,1637910741
Mount Isa,-20.7333,139.5,85.77,32,90,12.66,AU,1637910742
Lavrentiya,65.5833,-171.0,-8.61,90,38,9.01,RU,1637910742
Nha Trang,12.25,109.1833,78.8,82,100,11.18,VN,1637910593
Yerofey Pavlovich,53.9667,121.9667,9.16,83,8,2.93,RU,1637910742
Klaksvík,62.2266,-6.589,34.72,67,100,26.42,FO,1637910743
San Patricio,28.017,-97.5169,57.83,55,100,13.47,US,1637910743
Siverek,37.755,39.3167,52.41,79,93,0.58,TR,1637910744
Jilin,43.0,126.0,21.4,76,7,4.54,CN,1637910745
Hermanus,-34.4187,19.2345,69.8,57,5,20.85,ZA,1637910482
Phalombe,-15.8064,35.6507,67.3,89,100,5.73,MW,1637910745
Puerto Ayora,-0.7393,-90.3518,70.56,90,58,8.99,EC,1637910746
Honiara,-9.4333,159.95,81.34,81,44,3.49,SB,1637910746
Katete,-0.7818,29.7544,73.6,67,99,1.52,UG,1637910747
Luanda,-8.8368,13.2343,80.6,78,40,10.36,AO,1637910747
Mayo,38.8876,-76.5119,47.98,92,90,1.01,US,1637910747
Panjakent,39.4952,67.6093,40.8,64,100,3.87,TJ,1637910748
Bridlington,54.0831,-0.1919,45.28,79,100,23.47,GB,1637910748
Merauke,-8.4667,140.3333,85.73,65,100,5.55,ID,1637910749
Labuan,5.2767,115.2417,87.96,76,95,9.57,MY,1637910749
Kaitangata,-46.2817,169.8464,48.6,95,100,7.25,NZ,1637910749
Jamestown,42.097,-79.2353,40.08,96,90,8.01,US,1637910454
Hong Kong,22.2855,114.1577,81.18,51,15,1.01,HK,1637910558
Kashgar,39.4547,75.9797,43.23,30,92,2.08,CN,1637910750
Broken Hill,-31.95,141.4333,73.08,29,0,23.89,AU,1637910751
Vaini,-21.2,-175.2,78.96,94,20,1.14,TO,1637910751
Marsh Harbour,26.5412,-77.0636,72.61,62,93,7.96,BS,1637910752
Healesville,-37.65,145.5167,64.9,73,100,6.71,AU,1637910752
Kapaa,22.0752,-159.319,77.32,77,1,1.01,US,1637910753
Poum,-20.2333,164.0167,79.18,74,8,8.5,NC,1637910753
Riyadh,24.6877,46.7219,77.14,28,0,10.49,SA,1637910575
Cangzhou,38.3167,116.8667,51.96,30,2,6.55,CN,1637910754
Bredasdorp,-34.5322,20.0403,69.28,57,5,26.13,ZA,1637910754
Dubbo,-32.25,148.6167,66.33,82,90,16.11,AU,1637910754
Clyde River,70.4692,-68.5914,-5.4,99,100,2.68,CA,1637910755
Socorro,31.6546,-106.3033,48.45,47,20,3.44,US,1637910755
Catuday,16.2923,119.8062,83.19,69,96,3.96,PH,1637910756
Saint-François,46.4154,3.9054,36.48,92,90,9.22,FR,1637910756
Labuhan,-6.8844,112.2051,84.88,70,100,2.1,ID,1637910757
Hof,50.3167,11.9167,33.46,92,90,3.44,DE,1637910757
Port Alfred,-33.5906,26.891,65.08,78,100,28.41,ZA,1637910757
Mayya,61.7333,130.2811,-17.28,99,24,3.33,RU,1637910758
Marawi,7.9986,124.2928,72.64,94,100,3.47,PH,1637910758
Oranjemund,-28.55,16.4333,66.07,72,2,14.12,NA,1637910759
Kavaratti,10.5669,72.642,82.31,71,100,5.97,IN,1637910759
Beira,-19.8436,34.8389,76.23,70,100,11.86,MZ,1637910759
Ribeira Grande,38.5167,-28.7,63.01,65,25,21.36,PT,1637910760
Khatanga,71.9667,102.5,-6.21,98,100,7.52,RU,1637910760
Eureka,40.8021,-124.1637,47.62,65,100,1.66,US,1637910760
Margate,51.3813,1.3862,41.97,78,100,3.0,GB,1637910761
Chicama,-7.8447,-79.1469,66.36,86,100,4.65,PE,1637910762
Bethel,41.3712,-73.414,46.08,72,90,0.0,US,1637910763
Husavik,66.0449,-17.3389,29.16,62,100,23.78,IS,1637910764
Torbay,47.6666,-52.7314,49.75,99,100,3.0,CA,1637910764
New Norfolk,-42.7826,147.0587,56.91,46,18,3.0,AU,1637910764
Koshurnikovo,54.1667,93.3,17.49,84,100,6.24,RU,1637910765
Río Gallegos,-51.6226,-69.2181,37.45,75,0,8.05,AR,1637910765
Isangel,-19.55,169.2667,79.74,79,66,6.2,VU,1637910766
Arraial do Cabo,-22.9661,-42.0278,71.76,85,100,25.61,BR,1637910767
Hualmay,-11.0964,-77.6139,65.16,90,97,6.69,PE,1637910767
Turek,52.0155,18.5005,36.28,77,100,8.39,PL,1637910768
Cherskiy,68.75,161.3,-32.53,100,83,4.68,RU,1637910768
Imeni Poliny Osipenko,52.4201,136.4853,19.98,90,52,6.31,RU,1637910769
Opuwo,-18.0607,13.84,76.82,10,5,9.98,NA,1637910769
Poso,-1.3959,120.7524,85.55,68,100,3.22,ID,1637910769
Quatre Cocos,-20.2078,57.7625,84.31,60,0,9.15,MU,1637910770
San Quintín,30.4833,-115.95,63.37,37,0,3.65,MX,1637910770
Severo-Kuril'sk,50.6789,156.125,33.55,81,56,8.43,RU,1637910771
Lagos,6.5833,3.75,79.97,85,85,1.07,NG,1637910771
Uppsala County,60.0,17.75,18.91,93,0,2.3,SE,1637910772
Sabha,27.0377,14.4283,66.7,36,0,6.08,LY,1637910772
Naze,28.3667,129.4833,64.02,58,8,10.58,JP,1637910772
Port Shepstone,-30.7414,30.455,63.0,88,100,7.36,ZA,1637910773
Sakakah,29.9697,40.2064,63.34,38,0,5.59,SA,1637910774
Zeya,53.75,127.2667,18.55,69,96,2.68,RU,1637910774
Peleduy,59.6289,112.7406,16.11,93,100,3.27,RU,1637910774
Lorengau,-2.0226,147.2712,84.02,70,91,2.46,PG,1637910775
Padang,-0.9492,100.3543,89.65,63,97,6.2,ID,1637910775
Saint Paul Harbor,57.79,-152.4072,15.31,57,75,4.61,US,1637910593
George Town,5.4112,100.3354,85.93,74,40,6.91,MY,1637910684
Port Blair,11.6667,92.75,83.05,73,58,9.08,IN,1637910776
Divnogorsk,55.9594,92.3619,16.29,88,98,10.65,RU,1637910776
Katy,29.7858,-95.8244,53.78,66,100,1.01,US,1637910572
Aksay,47.26,39.87,34.25,50,6,4.0,RU,1637910777
Ilulissat,69.2167,-51.1,24.82,63,100,3.44,GL,1637910778
Soma,39.1855,27.6094,48.38,79,93,3.49,TR,1637910778
Saskylakh,71.9167,114.0833,-16.96,98,37,8.75,RU,1637910778
Pierre,44.3683,-100.351,29.28,69,47,4.0,US,1637910116
Airai,-8.9266,125.4092,69.75,80,100,1.68,TL,1637910779
Havre-St-Pierre,50.2334,-63.5986,43.16,100,90,5.75,CA,1637910779
Plácido de Castro,-10.3353,-67.1856,73.98,90,100,3.04,BR,1637910780
East London,-33.0153,27.9116,61.74,94,75,16.11,ZA,1637910780
Wiwilí,13.6268,-85.8254,68.18,96,100,2.75,NI,1637910781
Hvolsvollur,63.7533,-20.2243,24.28,61,0,11.52,IS,1637910781
Ponta do Sol,32.6667,-17.1,61.43,61,98,11.86,PT,1637910782
Puerto Colombia,10.9878,-74.9547,80.13,82,100,22.57,CO,1637910782
Santa Isabel,-23.3156,-46.2214,77.65,89,100,4.12,BR,1637910782
Bontang,0.1333,117.5,84.92,73,100,3.6,ID,1637910783
Tuatapere,-46.1333,167.6833,48.4,97,100,4.45,NZ,1637910783
Comodoro Rivadavia,-45.8667,-67.5,55.26,47,0,9.22,AR,1637910784
Tezu,27.9167,96.1667,77.83,37,73,3.18,IN,1637910784
Long Beach,33.767,-118.1892,68.43,14,1,1.99,US,1637910557
Opunake,-39.4556,173.8583,64.35,85,57,11.97,NZ,1637910786
Burrel,41.6103,20.0089,50.31,91,100,8.05,AL,1637910787
Kidal,18.4411,1.4078,73.44,33,3,8.5,ML,1637910787
Quesnel,52.9999,-122.5029,36.3,92,100,7.25,CA,1637910788
Bodden Town,19.2833,-81.25,78.93,79,21,19.08,KY,1637910788
Yangi Marg`ilon,40.4272,71.7189,48.92,76,75,6.91,UZ,1637910788
Atuona,-9.8,-139.0333,78.8,77,2,19.22,PF,1637910658
Seoul,37.5683,126.9778,47.68,45,99,10.0,KR,1637910745
Vila Franca do Campo,37.7167,-25.4333,59.2,69,99,15.14,PT,1637910789
Mar del Plata,-38.0023,-57.5575,61.09,89,0,1.99,AR,1637910790
Kahului,20.8947,-156.47,74.46,77,1,13.8,US,1637910790
Tucumã,-0.1833,-50.05,75.72,92,97,4.65,BR,1637910790
Biltine,14.5333,20.9167,78.06,11,3,17.18,TD,1637910791
Skibbereen,51.55,-9.2667,49.8,80,100,24.29,IE,1637910791
Talnakh,69.4865,88.3972,-0.17,96,100,6.89,RU,1637910792
Katsuura,35.1333,140.3,62.11,56,3,3.67,JP,1637910793
Kalmunai,7.4167,81.8167,84.38,71,100,5.21,LK,1637910793
Vardø,70.3705,31.1107,19.38,79,75,10.36,NO,1637910794
Ngorongoro,-3.2397,35.4875,62.91,58,98,8.7,TZ,1637910794
Khandyga,62.6667,135.6,-20.63,94,64,3.0,RU,1637910794
Tuktoyaktuk,69.4541,-133.0374,-2.0,94,100,17.81,CA,1637910795
Conde,-7.2597,-34.9075,76.46,88,20,4.61,BR,1637910795
Ancud,-41.8697,-73.8203,47.73,82,100,6.13,CL,1637910795
Asău,46.4333,26.4,38.75,56,6,2.21,RO,1637910796
Anadyr,64.75,177.4833,-9.0,69,100,4.21,RU,1637910796
Rawson,-43.3002,-65.1023,56.91,74,100,3.06,AR,1637910649
Arrondissement de Limoux,42.9167,2.1667,43.93,82,100,12.39,FR,1637910797
Mersin Province,36.862,34.6509,58.35,68,5,3.31,TR,1637910797
Ilo,-17.6394,-71.3375,65.25,78,100,4.38,PE,1637910798
Ostrovnoy,68.0531,39.5131,23.97,79,100,10.4,RU,1637910798
Bom Jesus,-9.0744,-44.3586,70.29,96,95,0.78,BR,1637910799
Hasaki,35.7333,140.8333,59.4,57,19,8.72,JP,1637910799
Kirakira,-10.4544,161.9205,80.46,84,46,6.35,SB,1637910799
Esil,51.9556,66.4042,17.1,93,98,13.29,KZ,1637910800
Lüderitz,-26.6481,15.1594,64.87,74,3,10.42,NA,1637910800
Souillac,-20.5167,57.5167,84.58,61,20,8.05,MU,1637910801
Yulara,-25.2406,130.9889,84.04,28,0,10.36,AU,1637910801
Astghadzor,40.1225,45.357,38.08,80,100,7.29,AM,1637910802
Coyhaique,-45.5752,-72.0662,44.55,81,0,5.75,CL,1637910802
Lebu,-37.6167,-73.65,51.31,89,12,13.18,CL,1637910803
Safi,32.2994,-9.2372,59.36,75,98,9.93,MA,1637910803
El Alto,-4.2714,-81.2147,64.54,85,100,12.3,PE,1637910803
Raseiniai,55.3736,23.1217,36.05,83,100,15.19,LT,1637910804
Oktyabr'skiy,54.4815,53.471,24.62,94,99,12.08,RU,1637910804
Leningradskiy,69.3833,178.4167,-21.84,97,99,4.45,RU,1637910805
Egvekinot,66.3167,-179.1667,-19.32,88,30,10.78,RU,1637910805
Kruisfontein,-34.0033,24.7314,65.88,67,100,24.63,ZA,1637910805
Fortuna,40.5982,-124.1573,47.35,49,1,5.01,US,1637910806
Tarko-Sale,64.9225,77.785,-3.8,92,82,10.63,RU,1637910806
Iracoubo,5.4802,-53.2011,76.93,90,97,6.6,GF,1637910807
Charter Township of Clinton,42.587,-82.9199,32.32,76,75,1.99,US,1637910562
Micheweni,-4.9667,39.8333,84.0,70,92,6.82,TZ,1637910808
Maravilha,-26.7608,-53.1725,63.61,96,4,6.17,BR,1637910809
San Ignacio,17.1561,-89.0714,65.88,97,20,1.05,BZ,1637910810
Carnarvon,-24.8667,113.6333,87.87,42,0,17.27,AU,1637910666
Basco,20.4487,121.9702,78.35,83,100,24.67,PH,1637910811
Monrovia,6.3005,-10.7969,78.35,84,92,2.04,LR,1637910811
Shache,38.4167,77.2406,44.73,25,11,5.28,CN,1637910812
Iqaluit,63.7506,-68.5145,13.14,86,95,2.98,CA,1637910812
Codrington,-38.2667,141.9667,57.78,73,99,21.43,AU,1637910813
Port Augusta,-32.5,137.7667,74.71,37,11,21.81,AU,1637910813
San Cristobal,7.7669,-72.225,64.11,96,100,1.1,VE,1637910813
Barstow,34.8986,-117.0228,54.28,14,0,2.73,US,1637910809
Altona,53.55,9.9333,38.82,97,75,8.05,DE,1637910814
Wanaka,-44.7,169.15,53.06,90,100,6.33,NZ,1637910814
Kavieng,-2.5744,150.7967,84.0,71,83,5.73,PG,1637910815
Hilo,19.7297,-155.09,71.33,89,90,0.0,US,1637910815
Campagna,40.6653,15.1059,55.08,90,99,7.38,IT,1637910816
Mandeville,18.0417,-77.5071,71.65,94,29,4.27,JM,1637910588
Tucuruí,-3.7661,-49.6725,73.38,96,100,1.92,BR,1637910816
Teya,60.3778,92.6267,8.69,86,100,8.57,RU,1637910817
Subiaco,41.9254,13.0941,50.61,94,98,3.44,IT,1637910817
Fort-Shevchenko,44.5086,50.263,37.65,39,100,16.89,KZ,1637910818
Bria,6.5423,21.9863,76.95,31,59,5.21,CF,1637910818
Paamiut,61.994,-49.6678,35.55,99,100,11.43,GL,1637910819
Waipawa,-41.4122,175.5153,61.03,66,86,18.88,NZ,1637910819
Ahipara,-35.1667,173.1667,63.19,77,97,2.55,NZ,1637910820
Saint-Philippe,-21.3585,55.7679,82.11,80,51,2.71,RE,1637910820
Chui,-33.6971,-53.4616,63.84,96,100,10.07,UY,1637910821
Graaff-Reinet,-32.2522,24.5308,60.93,76,100,5.1,ZA,1637910821
Longyearbyen,78.2186,15.6401,-3.14,83,38,3.2,SJ,1637910821
Andenes,69.3143,16.1194,23.07,74,40,6.91,NO,1637910822
Sitka,57.0531,-135.33,37.29,60,90,13.8,US,1637910822
Tikhvin,59.6451,33.5294,33.22,96,100,13.71,RU,1637910823
Concepción del Oro,24.6333,-101.4167,51.19,83,100,6.17,MX,1637910823
Ossora,59.2353,163.0719,0.7,86,3,11.39,RU,1637910823
Göksun,38.021,36.4973,43.75,78,16,2.53,TR,1637910824
‘Ewa Beach,21.3156,-158.0072,76.98,69,1,11.99,US,1637910824
Cidreira,-30.1811,-50.2056,68.04,97,94,5.86,BR,1637910825
Calama,-22.4667,-68.9333,43.29,19,50,16.11,CL,1637910825
Henties Bay,-22.116,14.2845,61.86,74,83,5.37,NA,1637910826
Dingle,10.9995,122.6711,84.0,80,100,10.33,PH,1637910827
Rānībennur,14.6167,75.6167,79.23,60,64,12.5,IN,1637910827
Aksarka,66.5606,67.7975,-2.22,91,59,5.88,RU,1637910828
Victor Harbor,-35.5667,138.6167,67.8,78,14,5.01,AU,1637910828
Manatí,18.4275,-66.4921,77.61,94,55,10.6,PR,1637910829
Killybegs,54.6333,-8.45,46.45,70,11,32.19,IE,1637910829
Nanortalik,60.1432,-45.2371,40.96,98,100,14.43,GL,1637910830
Faanui,-16.4833,-151.75,82.26,73,9,19.37,PF,1637910830
Along,28.1667,94.7667,78.26,35,8,2.28,IN,1637910831
Glens Falls,43.3095,-73.644,39.16,95,90,3.44,US,1637910381
Puerto Escondido,15.85,-97.0667,76.48,83,12,4.63,MX,1637910832
Roald,62.5833,6.1333,31.08,86,0,6.91,NO,1637910832
Bubaque,11.2833,-15.8333,83.08,70,68,8.68,GW,1637910833
Honningsvåg,70.9821,25.9704,24.55,74,20,10.36,NO,1637910834
Svetlaya,46.5389,138.3297,30.67,69,100,10.96,RU,1637910834
Pisco,-13.7,-76.2167,64.45,82,0,2.3,PE,1637910835
Mbandaka,0.0487,18.2603,78.48,73,93,1.7,CD,1637910835
Sørland,67.667,12.6934,31.86,80,40,10.36,NO,1637910836
Bereda,43.2686,-7.5406,43.0,100,100,2.21,ES,1637910836
Agapovka,53.2973,59.1348,27.61,81,32,11.05,RU,1637910836
Kungurtug,50.5994,97.5228,37.54,67,100,1.14,RU,1637910837
Eunice,30.4944,-92.4176,57.16,82,56,15.66,US,1637910759
Cayenne,4.9333,-52.3333,76.08,91,75,1.01,GF,1637910838
Gao,16.6362,1.637,74.26,25,3,11.36,ML,1637910838
Faro,37.0194,-7.9322,44.38,93,0,5.75,PT,1637910838
Moctezuma,29.8,-109.6667,52.07,70,50,7.7,MX,1637910839
Abhā,18.2164,42.5053,68.25,46,0,0.0,SA,1637910839
New London,41.4834,-72.0662,49.8,59,90,5.75,US,1637910840
Srednekolymsk,67.45,153.6833,-34.06,100,14,2.66,RU,1637910840
Tegul'det,57.3064,88.1667,9.12,88,100,9.26,RU,1637910840
Fukuechō,32.6881,128.8419,57.94,52,0,16.15,JP,1637910841
Port Hardy,50.6996,-127.4199,45.45,90,100,5.75,CA,1637910841
Kharagpur,22.3333,87.3333,81.97,43,0,5.77,IN,1637910842
Batagay-Alyta,67.8006,130.4114,-14.66,79,100,2.39,RU,1637910842
Bilibino,68.0546,166.4372,-34.44,99,35,4.12,RU,1637910843
Tibati,6.4667,12.6333,75.24,31,10,2.73,CM,1637910843
Yenagoa,4.9247,6.2642,78.78,87,66,1.81,NG,1637910843
Hamilton,39.1834,-84.5333,36.09,78,90,3.0,US,1637910844
San Vicente,-26.6167,-54.1333,65.12,95,99,5.17,AR,1637910844
Devarkonda,16.7,78.9333,83.21,48,27,8.1,IN,1637910845
São Filipe,14.8961,-24.4956,77.43,76,93,7.94,CV,1637910845
Saint Anthony,45.0205,-93.218,18.55,64,20,1.01,US,1637910845
Rio Verde de Mato Grosso,-18.9181,-54.8442,75.65,75,100,3.6,BR,1637910846
Touros,-5.1989,-35.4608,77.9,76,59,9.42,BR,1637910846
Carinhanha,-14.3047,-43.765,68.5,69,29,2.53,BR,1637910847
Gobabis,-22.45,18.9667,79.86,8,0,8.03,NA,1637910847
Nichinan,31.6,131.3667,62.76,49,0,1.92,JP,1637910848
Wakefield,53.6809,-1.499,47.62,84,97,17.67,GB,1637910848
Norman Wells,65.282,-126.8329,-15.39,95,100,8.63,CA,1637910624
Saskatoon,52.1168,-106.6345,22.98,90,100,5.01,CA,1637910604
Concarneau,47.875,-3.9225,47.17,69,100,8.7,FR,1637910849
Neuquén,-38.9516,-68.0591,62.58,36,0,8.05,AR,1637910850
Tilichiki,60.4667,166.1,-8.43,95,27,10.54,RU,1637910850
Muli,2.9167,73.5667,81.39,76,75,12.73,MV,1637910852
Alliance,40.9153,-81.1059,37.42,91,100,15.73,US,1637910852
Ngunguru,-35.6167,174.5,67.15,73,99,7.56,NZ,1637910853
Dali,25.7,100.1833,61.18,34,15,4.97,CN,1637910853
São João da Barra,-21.6403,-41.0511,71.42,84,97,13.02,BR,1637910854
Sittwe,20.15,92.9,84.02,54,4,7.2,MM,1637910854
Alice Springs,-23.7,133.8833,78.35,41,90,13.8,AU,1637910855
Sambava,-14.2667,50.1667,83.46,65,28,8.63,MG,1637910855
Kenora,49.8167,-94.4337,17.58,61,100,11.99,CA,1637910856
Chudovo,59.1167,31.6833,33.84,96,100,13.06,RU,1637910856
Dhanwār,24.4167,85.9833,76.06,26,0,5.12,IN,1637910857
Erenhot,43.6475,111.9767,30.72,61,0,8.63,CN,1637910857
Lompoc,34.6391,-120.4579,59.41,82,1,6.91,US,1637910859
Dwārka,22.2394,68.9678,82.51,47,72,4.43,IN,1637910859
Kimberley,-28.7323,24.7623,66.07,58,100,27.38,ZA,1637910859
La Palma,33.8464,-118.0467,68.36,13,1,4.0,US,1637910860
Newport,51.5877,-2.9984,49.86,88,100,22.3,GB,1637910760
Maniitsoq,65.4167,-52.9,27.21,60,100,4.94,GL,1637910860
Morant Bay,17.8815,-76.4093,77.67,80,46,12.97,JM,1637910861
Launceston,-41.45,147.1667,63.81,52,90,8.99,AU,1637910861
Saldanha,-33.0117,17.9442,67.95,66,100,7.72,ZA,1637910861
Matara,5.9485,80.5353,82.8,79,59,10.07,LK,1637910862
Forécariah,9.4306,-13.0881,73.36,91,24,2.68,GN,1637910862
Khani,41.9563,42.9566,42.37,80,97,3.8,GE,1637910863
Yamada,39.4667,141.95,41.94,63,14,15.32,JP,1637910863
Santa Maria,-29.6842,-53.8069,65.53,91,63,11.3,BR,1637910864
Sobolevo,54.4299,31.8996,32.13,87,100,15.93,RU,1637910864
Chebenki,51.9337,55.7077,29.95,93,100,9.15,RU,1637910865
Hanzhong,33.0728,107.0303,57.94,50,100,3.33,CN,1637910865
Oktyabr'skoye,43.0645,44.7417,28.54,92,90,4.47,RU,1637910865
Vangaindrano,-23.35,47.6,75.16,57,100,8.5,MG,1637910866
Ulladulla,-35.35,150.4667,60.76,90,100,18.41,AU,1637910866
Uray,60.1247,64.7758,9.45,92,100,7.49,RU,1637910867
Magaria,12.9983,8.9099,74.48,20,0,7.85,NE,1637910867
Kondol',52.8189,45.058,33.26,92,26,14.23,RU,1637910867
Nānākuli,21.3906,-158.1547,76.98,69,1,3.44,US,1637910868
Mahébourg,-20.4081,57.7,84.49,61,20,8.05,MU,1637910868
Phanom Sarakham,13.7479,101.3553,88.9,51,100,11.68,TH,1637910869
Itarema,-2.9248,-39.9167,79.86,77,76,12.77,BR,1637910869
Qeshm,26.9581,56.2719,84.07,51,0,3.83,IR,1637910869
Traverse City,44.7631,-85.6206,28.58,77,90,16.11,US,1637910870
Los Llanos de Aridane,28.6585,-17.9182,62.35,87,0,5.01,ES,1637910870
Bam,29.106,58.357,67.87,31,0,3.49,IR,1637910871
Dunedin,-45.8742,170.5036,50.7,93,100,6.33,NZ,1637910871
Mount Gambier,-37.8333,140.7667,60.71,67,90,18.41,AU,1637910872
Praia da Vitória,38.7333,-27.0667,59.76,76,95,24.65,PT,1637910872
Tasiilaq,65.6145,-37.6368,28.56,54,100,6.44,GL,1637910873
Tateyama,34.9833,139.8667,62.02,53,2,6.22,JP,1637910873
San Policarpo,12.1791,125.5072,81.9,83,100,8.41,PH,1637910873
Yellandu,17.6,80.3333,83.77,49,3,5.1,IN,1637910874
Lixouri,38.2019,20.4314,59.0,100,90,0.0,GR,1637910874
Northam,51.0333,-4.2167,49.6,85,100,27.74,GB,1637910875
Esperance,-33.8667,121.9,69.51,61,0,18.21,AU,1637910875
Coquimbo,-29.9533,-71.3436,58.73,88,90,4.61,CL,1637910796
Deputatsky,69.3,139.9,-32.75,97,82,1.45,RU,1637910876
Farafangana,-22.8167,47.8333,74.26,64,99,8.77,MG,1637910876
Tallahassee,30.4383,-84.2807,60.62,96,65,4.47,US,1637910771
La Asuncion,11.0333,-63.8628,77.68,87,84,6.06,VE,1637910877
Huntsville,34.7304,-86.5861,44.56,89,90,4.0,US,1637910832
At-Bashi,41.1702,75.8106,33.39,51,79,2.01,KG,1637910878
Igrim,63.1906,64.4162,2.95,95,8,4.27,RU,1637910878
Orotukan,62.2667,151.7,-27.44,100,14,3.36,RU,1637910878
Champerico,14.3,-91.9167,78.35,85,24,3.89,GT,1637910879
Tutóia,-2.7619,-42.2744,80.15,80,100,10.4,BR,1637910879
Berdigestyakh,62.0989,126.6992,-10.7,97,72,4.12,RU,1637910881
Cabo San Lucas,22.8909,-109.9124,74.52,78,100,1.01,MX,1637910881
Qui Nhon,13.7667,109.2333,76.62,80,100,23.35,VN,1637910882
Bambous Virieux,-20.3428,57.7575,84.45,61,20,8.05,MU,1637910882
Sokoni,-6.4333,39.55,83.3,70,70,9.69,TZ,1637910882
Hofn,64.2539,-15.2082,28.15,55,0,23.02,IS,1637910883
Anshun,26.25,105.9333,52.83,63,58,8.3,CN,1637910883
Akhmeta,42.0311,45.2075,36.12,98,100,1.25,GE,1637910884
Sandovo,58.4602,36.4128,32.25,88,100,13.71,RU,1637910884
Boa Vista,2.8197,-60.6733,76.98,88,75,5.75,BR,1637910885
Mattru,7.6244,-11.8332,73.87,98,56,2.39,SL,1637910885
Bonthe,7.5264,-12.505,76.96,90,73,2.91,SL,1637910885
Karanpura,29.1018,75.092,78.64,18,0,1.74,IN,1637910886
Tiksi,71.6872,128.8694,4.84,85,100,7.0,RU,1637910886
Bandarbeyla,9.4942,50.8122,82.4,70,100,16.71,SO,1637910887
Demba,-5.51,22.2667,68.32,100,100,1.3,CD,1637910887
Tazmalt,36.3868,4.3989,46.72,85,7,6.13,DZ,1637910888
Polunochnoye,60.8697,60.4153,12.78,82,100,3.31,RU,1637910888
Mirny,62.5353,113.9611,8.89,97,100,5.08,RU,1637910888
Tadine,-21.55,167.8833,77.43,84,12,10.02,NC,1637910889
Virbalis,54.6267,22.8169,37.51,81,100,14.29,LT,1637910889
Sīrjān,29.452,55.6814,60.78,15,0,1.68,IR,1637910890
Auki,-8.7676,160.7034,80.49,82,61,1.12,SB,1637910890
Reyes,-14.3167,-67.3833,73.98,85,100,0.98,BO,1637910890
Klyuchi,52.2667,79.1667,13.42,82,37,10.49,RU,1637910891
Punjai Puliyampatti,11.35,77.2,79.84,80,100,5.5,IN,1637910891
Ōfunato,39.0717,141.7167,41.61,71,26,16.62,JP,1637910892
Murgab,37.4966,61.9714,49.12,33,100,6.85,TM,1637910892
Puksoozero,62.5903,40.6066,32.11,99,100,5.28,RU,1637910892
Miyako,39.6367,141.9525,42.17,61,10,15.03,JP,1637910893
Road Town,18.4167,-64.6167,78.89,75,14,19.84,VG,1637910893
Morondava,-20.2833,44.2833,83.62,52,100,11.23,MG,1637910894
Ambam,2.3833,11.2833,71.76,88,46,1.48,CM,1637910894
Roebourne,-20.7833,117.1333,92.26,27,100,11.99,AU,1637910894
Salalah,17.0151,54.0924,95.09,20,0,12.66,OM,1637910895
Simbahan,6.3032,120.5836,81.73,75,100,3.13,PH,1637910895
Ust'-Omchug,61.15,149.6333,-31.7,98,34,2.21,RU,1637910896
Khor,47.8861,134.9464,20.5,96,100,6.64,RU,1637910896
Christchurch,-43.5333,172.6333,70.0,36,95,10.36,NZ,1637910752
Vestmanna,62.1564,-7.1664,32.92,86,75,10.36,FO,1637910897
Aras,42.5617,-2.356,39.72,81,75,13.8,ES,1637910897
Ferrol,43.4832,-8.2369,49.68,80,100,14.7,ES,1637910897
Barbacoas,1.6715,-78.1398,71.6,98,100,1.97,CO,1637910898
Shetpe,44.1667,52.1167,34.54,20,64,12.35,KZ,1637910898
Chimbote,-9.0853,-78.5783,64.4,90,100,5.46,PE,1637910898
Vostok,46.4856,135.8833,13.84,96,100,3.51,RU,1637910899
Forsytheganj,52.6333,29.7333,33.89,83,100,12.33,BY,1637910899
Aklavik,68.2191,-135.0107,-1.37,96,100,17.58,CA,1637910900
Lima,-12.0432,-77.0282,64.9,85,75,10.36,PE,1637910805
Oistins,13.0667,-59.5333,77.09,94,40,5.75,BB,1637910900
Malinyi,-8.9333,36.1333,84.49,55,69,1.61,TZ,1637910901
Muisne,0.6,-80.0333,73.29,81,98,6.96,EC,1637910901
Kieta,-6.2167,155.6333,81.32,79,72,0.63,PG,1637910903
Berlevåg,70.8578,29.0864,12.15,67,0,12.66,NO,1637910903
Ürümqi,43.801,87.6005,29.35,64,100,6.71,CN,1637910845
Taldan,53.6667,124.8,11.14,69,37,3.65,RU,1637910904
Buala,-8.145,159.5921,82.8,74,36,3.85,SB,1637910904
Baruun-Urt,46.6806,113.2792,26.85,65,18,15.57,MN,1637910904
Bathsheba,13.2167,-59.5167,77.61,94,40,5.75,BB,1637910905
Kansk,56.2017,95.7175,17.02,80,81,19.3,RU,1637910905
Chifeng,42.2683,118.9636,36.36,38,0,7.43,CN,1637910905
Coahuayana Viejo,18.7333,-103.6833,70.81,84,37,3.49,MX,1637910906
Camacha,33.0833,-16.3333,58.42,59,75,18.41,PT,1637910906
Partizanskoye,55.5006,94.39,16.34,80,89,18.1,RU,1637910907
Udachny,66.4167,112.4,-13.16,100,87,4.0,RU,1637910907
Salyan,39.5936,48.9805,48.97,65,100,6.73,AZ,1637910907
Alyangula,-13.8483,136.4192,86.02,64,74,9.33,AU,1637910908
Manggar,-2.8833,108.2667,83.16,74,100,4.23,ID,1637910908
Kargopol',61.5071,38.9456,33.64,98,100,11.45,RU,1637910909
Suoyarvi,62.0833,32.35,23.14,95,100,4.5,RU,1637910909
Alihe,50.5667,123.7167,18.81,68,12,2.19,CN,1637910909
Aden,12.7794,45.0367,82.42,73,99,14.83,YE,1637910910
Valparaíso,-33.0393,-71.6273,56.84,94,20,9.22,CL,1637910727
Freeport,40.6576,-73.5832,47.37,77,90,3.44,US,1637910911
Jining,35.405,116.5814,58.57,30,0,7.99,CN,1637910911
Nyagan,62.1406,65.3936,8.08,92,23,6.51,RU,1637910911
Umluj,25.0213,37.2685,78.03,46,0,8.88,SA,1637910912
Lappeenranta,61.0587,28.1887,32.05,95,90,5.75,FI,1637910912
Lumberton,34.6182,-79.0086,53.91,83,100,11.34,US,1637910913
Tsimmerbude,54.675,20.1347,39.25,76,100,19.46,RU,1637910913
Harboøre,56.6175,8.1807,37.15,92,99,11.21,DK,1637910914
Lázaro Cárdenas,17.9583,-102.2,74.46,89,34,4.05,MX,1637910724
Mahajanga,-15.7167,46.3167,85.6,62,100,7.49,MG,1637910914
Sayyan,15.1718,44.3244,61.2,34,10,5.12,YE,1637910915
Grand Gaube,-20.0064,57.6608,84.6,63,0,10.0,MU,1637910915
Nyaunglebin,17.95,96.7333,86.32,63,30,3.4,MM,1637910916
Wanxian,30.8039,108.3897,65.41,54,18,1.77,CN,1637910916
Laas,46.6166,10.7002,40.46,94,100,3.42,IT,1637910916
Lamu,-2.2717,40.902,86.22,71,97,8.7,KE,1637910901
Kugul'ta,45.3636,42.3889,36.18,75,78,14.74,RU,1637910917
Half Moon Bay,37.4636,-122.4286,58.91,74,1,9.22,US,1637910725
Pangnirtung,66.1451,-65.7125,23.0,74,75,4.61,CA,1637910918
Arcata,40.8665,-124.0828,47.62,93,1,4.61,US,1637910861
Taiobeiras,-15.8078,-42.2331,57.65,94,100,3.51,BR,1637910919
Petrovskaya,45.4314,37.955,50.49,72,3,6.26,RU,1637910919
Fayaoué,-20.65,166.5333,80.19,76,90,13.27,NC,1637910920
Muros,42.7762,-9.0603,49.84,86,100,8.32,ES,1637910920
Zadar,44.1197,15.2422,54.64,100,75,1.14,HR,1637910920
Ereymentau,51.6199,73.1033,12.36,79,77,17.49,KZ,1637910921
Tautira,-17.7333,-149.15,80.62,78,31,17.76,PF,1637910921
Cairns,-16.9167,145.7667,83.95,85,75,2.3,AU,1637910869
Wilmington,34.2257,-77.9447,59.86,82,1,8.05,US,1637910670
Avera,33.194,-82.5271,57.7,84,100,10.2,US,1637910922
Altay,47.8667,88.1167,31.86,97,100,3.83,CN,1637910922
Sukhumi,43.0033,41.0153,50.79,49,100,1.61,GE,1637910924
Paracatu,-17.2222,-46.8747,69.57,68,100,2.04,BR,1637910924
Devonport,-41.1667,146.35,63.09,56,25,12.97,AU,1637910924
Wanning,18.8003,110.3967,76.77,61,100,15.5,CN,1637910925
Chara,56.9064,118.2631,-0.29,87,77,1.1,RU,1637910925
Morehead,37.2711,-87.1764,30.94,78,0,5.99,US,1637910926
Pundaguitan,6.3711,126.1689,80.74,78,100,2.57,PH,1637910926
Jalu,29.0331,21.5482,73.92,22,4,18.43,LY,1637910926
Itoman,26.1247,127.6694,73.42,56,75,11.5,JP,1637910927
Kelowna,49.8831,-119.4857,42.51,70,100,3.15,CA,1637910880
Staraya Kulatka,52.7167,47.6167,27.55,93,35,9.91,RU,1637910927
Port Hedland,-20.3167,118.5667,91.45,31,100,14.97,AU,1637910928
Alofi,-19.0595,-169.9187,76.89,94,60,2.3,NU,1637910928
Yarmouth,41.7057,-70.2286,50.14,59,75,5.75,US,1637910928
Xambioá,-6.4111,-48.5364,73.31,95,99,0.81,BR,1637910929
Nemuro,43.3236,145.575,36.03,58,69,20.96,JP,1637910929
Omboué,-1.5746,9.2618,79.81,84,75,5.03,GA,1637910929
Constitución,-35.3333,-72.4167,56.03,69,0,7.52,CL,1637910930
Vysokogornyy,50.1167,139.15,20.21,95,100,5.06,RU,1637910930
Deming,32.2687,-107.7586,45.25,61,75,8.05,US,1637910931
